,idno,author,author-gender,title,year,supergenre,genre,subgenre,subsubgenre,genre-label,genre-subtitle,narration,protagonist-gender,protagonist-policier,setting,availability,tei,status,decade
rf0367,rf0367,Gouraud,male,ChezGrandMere,1882,narrative,novel,blanche,blanche,n.av.,n.av.,n.av.,n.av.,n.av.,n.av.,publicdomain,1,n.av.,1880s
rf0049,rf0049,Loti,male,Ramuntcho,1897,narrative,novel,blanche,blanche,n.av.,n.av.,n.av.,n.av.,n.av.,n.av.,publicdomain,1,n.av.,1890s
rf0630,rf0630,FevalPP,male,HabitsNoirs1,1863,narrative,novel,policier,criminel,n.av.,n.av.,heterodiegetic,n.av.,n.av.,n.av.,publicdomain,11,n.av.,1860s
rf0629,rf0629,FevalPP,male,Diable2Proces,1862,narrative,novel,policier,crime,n.av.,n.av.,heterodiegetic,n.av.,n.av.,n.av.,publicdomain,11,n.av.,1860s
rf1173,rf1173,Ponson,male,MiseresLondres2,1868,narrative,novel,policier,archaique,n.av.,n.av.,heterodiegetic,n.av.,n.av.,urban,publicdomain,12,n.av.,1860s
rf0476,rf0476,Stolz,female,MaisonRoulante,1869,narrative,novel,blanche,blanche,n.av.,n.av.,n.av.,n.av.,n.av.,n.av.,publicdomain,1,n.av.,1860s
rf1007,rf1007,Boisgobey,male,Opera2,1889,narrative,novel,policier,detection,Detektivroman,n.av.,heterodiegetic,n.av.,n.av.,n.av.,publicdomain,11,n.av.,1880s
rf0315,rf0315,AimardAuriac,male,JimIndien,1879,narrative,novel,blanche,blanche,n.av.,n.av.,n.av.,n.av.,n.av.,n.av.,publicdomain,1,n.av.,1870s
rf0608,rf0608,FevalPP,male,FanfaronsRoi,1843,narrative,novel,blanche,historical,n.av.,n.av.,n.av.,n.av.,n.av.,n.av.,publicdomain,11,n.av.,1840s
rf0565,rf0565,Balzac,male,DebutVie,1842,narrative,novel,blanche,blanche,n.av.,n.av.,heterodiegetic,n.av.,n.av.,n.av.,restricted,1,n.av.,1840s
rf0474,rf0474,Sand,female,Compagnon,1840,narrative,novel,blanche,blanche,n.av.,n.av.,n.av.,n.av.,n.av.,n.av.,publicdomain,1,n.av.,1840s
rf0023,rf0023,Daudet,male,Tartarin1,1872,narrative,novel,blanche,blanche,n.av.,n.av.,n.av.,n.av.,n.av.,n.av.,publicdomain,1,n.av.,1870s
rf0059,rf0059,Zola,male,Nana,1885,narrative,novel,blanche,n.av.,Gesellschaftsroman,n.av.,heterodiegetic,n.av.,n.av.,n.av.,publicdomain,n.av.,n.av.,1880s
rf0309,rf0309,Aimard,male,GrandChefAucas,1858,narrative,novel,blanche,blanche,n.av.,n.av.,n.av.,n.av.,n.av.,n.av.,publicdomain,1,n.av.,1850s
rf0175,rf0175,Verne,male,SecretStoritz,1898,narrative,novel,blanche,blanche,n.av.,n.av.,n.av.,n.av.,n.av.,n.av.,publicdomain,1,n.av.,1890s
rf0450,rf0450,Sand,female,LucreziaFloriani,1846,narrative,novel,blanche,blanche,n.av.,n.av.,n.av.,n.av.,n.av.,n.av.,publicdomain,1,n.av.,1840s
rf0097,rf0097,Zola,male,CapitaineBurle,1883,narrative,novel,blanche,blanche,n.av.,n.av.,n.av.,n.av.,n.av.,n.av.,publicdomain,1,n.av.,1880s
rf0623,rf0623,FevalPP,male,ReineEpees,1852,narrative,novel,blanche,adventure,n.av.,n.av.,heterodiegetic,male,n.av.,n.av.,publicdomain,11,n.av.,1850s
rf0128,rf0128,Sue,male,MysteresParis02,1842,narrative,novel,blanche,blanche,n.av.,n.av.,n.av.,n.av.,n.av.,n.av.,publicdomain,1,n.av.,1840s
rf0320,rf0320,AimardAuriac,male,TerresOr,1879,narrative,novel,blanche,n.av.,n.av.,n.av.,n.av.,n.av.,n.av.,n.av.,publicdomain,n.av.,n.av.,1870s
rf0382,rf0382,Huysmans,male,SoeursVatard,1879,narrative,novel,blanche,blanche,n.av.,n.av.,n.av.,n.av.,n.av.,n.av.,publicdomain,1,n.av.,1870s
rf0091,rf0091,Verne,male,ChateauCarpathes,1892,narrative,novel,blanche,blanche,n.av.,n.av.,n.av.,n.av.,n.av.,n.av.,publicdomain,1,n.av.,1890s
rf0300,rf0300,Aimard,male,Forestier,1869,narrative,novel,blanche,blanche,n.av.,n.av.,heterodiegetic,n.av.,n.av.,n.av.,publicdomain,1,n.av.,1860s
rf1175,rf1175,Ponson,male,MiseresLondres4,1868,narrative,novel,policier,archaique,n.av.,n.av.,heterodiegetic,male,criminal,urban,publicdomain,12,n.av.,1860s
rf0033,rf0033,ErckChat,male,HistoirePaysan2,1869,narrative,novel,blanche,blanche,n.av.,n.av.,n.av.,n.av.,n.av.,n.av.,publicdomain,1,n.av.,1860s
rf0656,rf0656,Ohnet,male,GrandeMarnière,1885,narrative,novel,blanche,blanche,n.av.,n.av.,heterodiegetic,male,n.av.,rural,publicdomain,11,n.av.,1880s
rf0317,rf0317,AimardAuriac,male,ForestiersMichigan,1879,narrative,novel,blanche,n.av.,n.av.,n.av.,n.av.,n.av.,n.av.,n.av.,publicdomain,n.av.,n.av.,1870s
rf0658,rf0658,Ohnet,male,Batailles1MarchandPoison,1892,narrative,novel,blanche,blanche,n.av.,n.av.,heterodiegetic,n.av.,n.av.,n.av.,publicdomain,11,n.av.,1890s
rf0348,rf0348,Fleuriot,female,Conge,1874,narrative,novel,blanche,blanche,n.av.,n.av.,autodiegetic,n.av.,n.av.,n.av.,publicdomain,1,n.av.,1870s
rf0470,rf0470,Sand,female,Indiana,1832,narrative,novel,blanche,n.av.,n.av.,n.av.,n.av.,n.av.,n.av.,n.av.,publicdomain,n.av.,n.av.,1830s
rf0456,rf0456,Sand,female,ElleLui,1859,narrative,novel,blanche,blanche,n.av.,n.av.,n.av.,n.av.,n.av.,n.av.,publicdomain,1,n.av.,1850s
rf0314,rf0314,Aimard,male,ChercheurPistes,1858,narrative,novel,blanche,blanche,n.av.,n.av.,n.av.,n.av.,n.av.,n.av.,publicdomain,1,n.av.,1850s
rf0045,rf0045,Loti,male,MadameChrysantheme,1887,narrative,novel,blanche,blanche,n.av.,n.av.,n.av.,n.av.,n.av.,n.av.,publicdomain,1,n.av.,1880s
rf0132,rf0132,Sue,male,MysteresPeuple03,1850,narrative,novel,blanche,blanche,n.av.,n.av.,n.av.,n.av.,n.av.,n.av.,publicdomain,1,n.av.,1850s
rf0426,rf0426,Mirbeau,male,Marechale,1883,narrative,novel,blanche,blanche,n.av.,n.av.,n.av.,n.av.,n.av.,n.av.,publicdomain,1,n.av.,1880s
rf1170,rf1170,Ponson,male,ExploitsRocambole2,1859,narrative,novel,policier,archaique,n.av.,n.av.,heterodiegetic,male,criminal,urban,publicdomain,12,n.av.,1850s
rf1028,rf1028,Gaboriau,male,EsclavesParis1,1868,narrative,novel,policier,criminel,n.av.,n.av.,heterodiegetic,n.av.,criminal,n.av.,publicdomain,12,n.av.,1860s
rf0569,rf0569,Balzac,male,CousineBette,1846,narrative,novel,blanche,blanche,n.av.,n.av.,heterodiegetic,n.av.,n.av.,n.av.,restricted,1,n.av.,1840s
rf0032,rf0032,ErckChat,male,HistoirePaysan1,1869,narrative,novel,blanche,blanche,n.av.,n.av.,n.av.,n.av.,n.av.,n.av.,publicdomain,1,n.av.,1860s
rf0093,rf0093,Zola,male,DocteurPascal,1893,narrative,novel,blanche,blanche,n.av.,n.av.,n.av.,n.av.,n.av.,n.av.,publicdomain,1,n.av.,1890s
rf0480,rf0480,Stolz,female,MaisonBlanche,1884,narrative,novel,blanche,blanche,n.av.,n.av.,n.av.,n.av.,n.av.,n.av.,publicdomain,1,n.av.,1880s
rf0567,rf0567,Balzac,male,Pierrette,1840,narrative,novel,blanche,blanche,n.av.,n.av.,heterodiegetic,n.av.,n.av.,n.av.,restricted,1,n.av.,1840s
rf0465,rf0465,Sand,female,SecretaireIntime,1834,narrative,novel,blanche,n.av.,n.av.,n.av.,n.av.,n.av.,n.av.,n.av.,publicdomain,n.av.,n.av.,1830s
rf0020,rf0020,Daudet,male,PetitChose,1867,narrative,novel,blanche,education,n.av.,n.av.,autodiegetic,male,n.av.,mixed,publicdomain,11,n.av.,1860s
rf0631,rf0631,FevalPP,male,HabitsNoirs5Maman,1869,narrative,novel,policier,crime,n.av.,n.av.,heterodiegetic,n.av.,n.av.,n.av.,publicdomain,11,n.av.,1860s
rf0088,rf0088,Verne,male,Chancellor,1875,narrative,novel,blanche,n.av.,journal,n.av.,n.av.,n.av.,n.av.,n.av.,publicdomain,n.av.,n.av.,1870s
rf0346,rf0346,Fleuriot,female,TranquilleTourbillon,1880,narrative,novel,blanche,blanche,n.av.,n.av.,n.av.,n.av.,n.av.,n.av.,publicdomain,1,n.av.,1880s
rf0416,rf0416,Malot,male,ClotildeMartory,1873,narrative,novel,blanche,blanche,n.av.,n.av.,n.av.,n.av.,n.av.,n.av.,publicdomain,1,n.av.,1870s
rf1166,rf1166,Ponson,male,DernierMot2,1867,narrative,novel,policier,archaique,n.av.,n.av.,heterodiegetic,male,criminal,urban,publicdomain,12,n.av.,1860s
rf1177,rf1177,Ponson,male,ResurrectionRocambole2,1866,narrative,novel,policier,archaique,n.av.,n.av.,heterodiegetic,male,criminal,urban,publicdomain,12,n.av.,1860s
rf0017,rf0017,Daudet,male,Jack,1875,narrative,novel,blanche,education,moeurs,n.av.,heterodiegetic,mixed,n.av.,n.av.,publicdomain,11,n.av.,1870s
rf0562,rf0562,Balzac,male,AlbertSavarus,1842,narrative,novel,blanche,blanche,n.av.,n.av.,heterodiegetic,n.av.,n.av.,n.av.,restricted,1,n.av.,1840s
rf0171,rf0171,Verne,male,KerabanTetu,1883,narrative,novel,blanche,blanche,n.av.,n.av.,n.av.,n.av.,n.av.,n.av.,publicdomain,1,n.av.,1880s
rf0306,rf0306,Aimard,male,BohèmesMer,1865,narrative,novel,blanche,blanche,n.av.,n.av.,n.av.,n.av.,n.av.,n.av.,publicdomain,1,n.av.,1860s
rf0167,rf0167,Verne,male,FamilleSansNom,1889,narrative,novel,blanche,n.av.,n.av.,n.av.,n.av.,n.av.,n.av.,n.av.,publicdomain,n.av.,n.av.,1880s
rf0100,rf0100,Zola,male,Assommoir,1877,narrative,novel,blanche,blanche,n.av.,n.av.,n.av.,n.av.,n.av.,n.av.,publicdomain,1,n.av.,1870s
rf0147,rf0147,Mirbeau,male,SebastienRoch,1890,narrative,novel,blanche,blanche,n.av.,n.av.,n.av.,n.av.,n.av.,n.av.,publicdomain,1,n.av.,1890s
rf0462,rf0462,Sand,female,ChateauDesertes,1851,narrative,novel,blanche,blanche,n.av.,n.av.,n.av.,n.av.,n.av.,n.av.,publicdomain,1,n.av.,1850s
rf0617,rf0617,FevalPP,male,MadameGilBlas,1856,narrative,novel,blanche,other,n.av.,souvenirs et aventures,homodiegetic,female,n.av.,n.av.,publicdomain,11,n.av.,1850s
rf0616,rf0616,FevalPP,male,Louve2,1856,narrative,novel,blanche,blanche,n.av.,n.av.,heterodiegetic,female,n.av.,n.av.,publicdomain,11,n.av.,1850s
rf0463,rf0463,Sand,female,Andre,1835,narrative,novel,blanche,n.av.,n.av.,n.av.,n.av.,n.av.,n.av.,n.av.,publicdomain,n.av.,n.av.,1830s
rf0377,rf0377,Gouraud,male,CousineMarie,1878,narrative,novel,blanche,blanche,n.av.,n.av.,n.av.,n.av.,n.av.,n.av.,publicdomain,1,n.av.,1870s
rf0036,rf0036,ErckChat,male,Invasion,1862,narrative,novel,blanche,blanche,n.av.,n.av.,n.av.,n.av.,n.av.,n.av.,publicdomain,1,n.av.,1860s
rf0561,rf0561,Balzac,male,FausseMaitresse,1842,narrative,novel,blanche,blanche,n.av.,n.av.,heterodiegetic,n.av.,n.av.,n.av.,restricted,1,n.av.,1840s
rf1156,rf1156,Gaboriau,male,VieInfernale1,1870,narrative,novel,policier,archaique,n.av.,n.av.,heterodiegetic,n.av.,n.av.,n.av.,publicdomain,11,n.av.,1870s
rf0029,rf0029,ErckChat,male,DeuxFreresRantzau,1873,narrative,novel,blanche,blanche,n.av.,n.av.,n.av.,n.av.,n.av.,n.av.,publicdomain,1,n.av.,1870s
rf1171,rf1171,Ponson,male,ExploitsRocambole3,1859,narrative,novel,policier,archaique,n.av.,n.av.,heterodiegetic,male,criminal,urban,publicdomain,12,n.av.,1850s
rf0410,rf0410,Malot,male,SansFamille,1878,narrative,novel,blanche,blanche,n.av.,n.av.,n.av.,n.av.,n.av.,n.av.,publicdomain,1,n.av.,1870s
rf1027,rf1027,Gaboriau,male,Degringolade3,1872,narrative,novel,policier,n.av.,n.av.,n.av.,n.av.,n.av.,n.av.,n.av.,publicdomain,n.av.,n.av.,1870s
rf0061,rf0061,Zola,male,VentreParis,1873,narrative,novel,blanche,blanche,Gesellschaftsroman,n.av.,heterodiegetic,n.av.,n.av.,n.av.,publicdomain,1,n.av.,1870s
rf0646,rf0646,France,male,MannequinOsier,1897,narrative,novel,blanche,blanche,n.av.,n.av.,heterodiegetic,male,n.av.,n.av.,publicdomain,11,n.av.,1890s
rf0625,rf0625,FevalPP,male,VilleVampire,1875,narrative,novel,blanche,other,n.av.,n.av.,n.av.,n.av.,n.av.,n.av.,publicdomain,00,n.av.,1870s
rf0563,rf0563,Balzac,male,MemoiresJeunesMariees,1841,narrative,novel,blanche,blanche,mémoires,n.av.,epistolary,n.av.,n.av.,n.av.,restricted,1,n.av.,1840s
rf0345,rf0345,Dombre,female,Nounou,1890,narrative,novel,blanche,blanche,n.av.,n.av.,n.av.,n.av.,n.av.,n.av.,publicdomain,1,n.av.,1890s
rf0107,rf0107,Boisgobey,male,BandeRouge2,1886,narrative,novel,blanche,n.av.,n.av.,n.av.,n.av.,n.av.,n.av.,n.av.,publicdomain,n.av.,n.av.,1880s
rf1023,rf1023,Gaboriau,male,CliqueDoree1,1871,narrative,novel,blanche,n.av.,Gesellschaftsroman,n.av.,heterodiegetic,n.av.,n.av.,n.av.,publicdomain,n.av.,n.av.,1870s
rf0058,rf0058,Zola,male,Germinal,1885,narrative,novel,blanche,blanche,Gesellschaftsroman,n.av.,heterodiegetic,n.av.,n.av.,n.av.,publicdomain,1,n.av.,1880s
rf0301,rf0301,Aimard,male,BanditsArizona,1881,narrative,novel,blanche,blanche,n.av.,n.av.,n.av.,n.av.,n.av.,n.av.,publicdomain,1,n.av.,1880s
rf0633,rf0633,FevalPP,male,Bossu,1857,narrative,novel,blanche,adventure,cape_et_épée,n.av.,n.av.,n.av.,n.av.,n.av.,publicdomain,11,n.av.,1850s
rf0418,rf0418,Malot,male,Anie,1891,narrative,novel,blanche,blanche,n.av.,n.av.,n.av.,n.av.,n.av.,n.av.,publicdomain,1,n.av.,1890s
rf0448,rf0448,Sand,female,MareDiable,1846,narrative,novel,blanche,blanche,n.av.,n.av.,n.av.,n.av.,n.av.,n.av.,publicdomain,1,n.av.,1840s
rf0098,rf0098,Zola,male,JoieVivre,1884,narrative,novel,blanche,n.av.,n.av.,n.av.,n.av.,n.av.,n.av.,n.av.,publicdomain,n.av.,n.av.,1880s
rf0343,rf0343,Dombre,female,PupilleGenante,1890,narrative,novel,blanche,blanche,n.av.,n.av.,n.av.,n.av.,n.av.,n.av.,publicdomain,1,n.av.,1890s
rf1003,rf1003,Boisgobey,male,DoubleBlanc,1889,narrative,novel,policier,archaique,n.av.,n.av.,heterodiegetic,n.av.,n.av.,urban,publicdomain,11,n.av.,1880s
rf0570,rf0570,Balzac,male,CousinPons,1847,narrative,novel,blanche,blanche,n.av.,n.av.,heterodiegetic,n.av.,n.av.,n.av.,restricted,1,n.av.,1840s
rf0564,rf0564,Balzac,male,ModesteMignon,1844,narrative,novel,blanche,blanche,n.av.,n.av.,heterodiegetic,n.av.,n.av.,n.av.,restricted,1,n.av.,1840s
rf0039,rf0039,Flaubert,male,BouvardPecuchet,1881,narrative,novel,blanche,blanche,n.av.,n.av.,n.av.,n.av.,n.av.,n.av.,publicdomain,1,n.av.,1880s
rf0323,rf0323,Allais,male,AffaireBlaireau,1899,narrative,novel,blanche,blanche,n.av.,n.av.,n.av.,n.av.,n.av.,n.av.,publicdomain,1,n.av.,1890s
rf0055,rf0055,Maupassant,male,PierreJean,1888,narrative,novel,blanche,blanche,Bildungsroman,n.av.,heterodiegetic,n.av.,n.av.,n.av.,publicdomain,1,n.av.,1880s
rf0407,rf0407,Malot,male,Cara,1878,narrative,novel,blanche,n.av.,n.av.,n.av.,n.av.,n.av.,n.av.,n.av.,publicdomain,n.av.,n.av.,1870s
rf0044,rf0044,Loti,male,Figures,1898,narrative,novel,blanche,blanche,n.av.,n.av.,n.av.,n.av.,n.av.,n.av.,publicdomain,1,n.av.,1890s
rf0446,rf0446,Sand,female,MeunierAngibault,1845,narrative,novel,blanche,blanche,n.av.,n.av.,n.av.,n.av.,n.av.,n.av.,publicdomain,1,n.av.,1840s
rf0082,rf0082,Verne,male,AutourLune,1869,narrative,novel,blanche,blanche,n.av.,n.av.,n.av.,n.av.,n.av.,n.av.,publicdomain,1,n.av.,1860s
rf1002,rf1002,Boisgobey,male,OeilChat1,1888,narrative,novel,policier,criminel,n.av.,n.av.,heterodiegetic,n.av.,n.av.,urban,publicdomain,12,n.av.,1880s
rf0636,rf0636,FevalPP,male,Louve1,1855,narrative,novel,blanche,adventure,n.av.,n.av.,heterodiegetic,n.av.,n.av.,n.av.,publicdomain,11,n.av.,1850s
rf1155,rf1155,Gaboriau,male,CrimeOrcival,1866,narrative,novel,policier,archaique,n.av.,n.av.,heterodiegetic,male,detective,rural,publicdomain,12,lu,1860s
rf0719,rf0719,Darien,male,BiribiriDiscipline,1890,narrative,novel,blanche,blanche,n.av.,n.av.,n.av.,n.av.,n.av.,n.av.,restricted,11,n.av.,1890s
rf0485,rf0485,Stolz,female,BlancheNoire,1872,narrative,novel,blanche,n.av.,n.av.,n.av.,n.av.,n.av.,n.av.,n.av.,publicdomain,n.av.,n.av.,1870s
rf0177,rf0177,Verne,male,TribulationsChinois,1879,narrative,novel,blanche,blanche,n.av.,n.av.,n.av.,n.av.,n.av.,n.av.,publicdomain,1,n.av.,1870s
rf0311,rf0311,Aimard,male,BelleRiviere,1874,narrative,novel,blanche,blanche,n.av.,n.av.,n.av.,n.av.,n.av.,n.av.,publicdomain,1,n.av.,1870s
rf0467,rf0467,Sand,female,MaitresMosaistes,1837,narrative,novel,blanche,n.av.,n.av.,n.av.,n.av.,n.av.,n.av.,n.av.,publicdomain,n.av.,n.av.,1830s
rf0411,rf0411,Malot,male,Ghislaine,1887,narrative,novel,blanche,blanche,n.av.,n.av.,n.av.,n.av.,n.av.,n.av.,publicdomain,1,n.av.,1880s
rf0640,rf0640,Huysmans,male,ARebours,1884,narrative,novel,blanche,other,n.av.,n.av.,heterodiegetic,male,n.av.,n.av.,publicdomain,11,n.av.,1880s
rf0053,rf0053,Maupassant,male,FortMort,1889,narrative,novel,blanche,blanche,Gesellschaftsroman,n.av.,heterodiegetic,n.av.,n.av.,n.av.,publicdomain,1,n.av.,1880s
rf0108,rf0108,Boisgobey,male,MainFroide,1889,narrative,novel,blanche,n.av.,n.av.,n.av.,n.av.,n.av.,n.av.,n.av.,publicdomain,n.av.,n.av.,1880s
rf0571,rf0571,Balzac,male,TenebreuseAffaire,1841,narrative,novel,policier,precurseur,n.av.,n.av.,heterodiegetic,mixed,criminal,rural,restricted,11,lu,1840s
rf1164,rf1164,Ponson,male,CordePendu2,1870,narrative,novel,policier,archaique,n.av.,n.av.,heterodiegetic,male,criminal,urban,publicdomain,12,n.av.,1870s
rf0037,rf0037,ErckChat,male,MadameTherese,1863,narrative,novel,blanche,blanche,n.av.,n.av.,n.av.,n.av.,n.av.,n.av.,publicdomain,1,n.av.,1860s
rf0628,rf0628,FevalPP,male,MysteresLondres3,1843,narrative,novel,policier,archaique,n.av.,n.av.,heterodiegetic,n.av.,criminal,urban,publicdomain,11,n.av.,1840s
rf0475,rf0475,Stolz,female,ViolenceBonté,1888,narrative,novel,blanche,blanche,n.av.,n.av.,n.av.,n.av.,n.av.,n.av.,publicdomain,1,n.av.,1880s
rf0149,rf0149,Verne,male,DeuxAnsVacances,1888,narrative,novel,blanche,blanche,n.av.,n.av.,n.av.,n.av.,n.av.,n.av.,publicdomain,1,n.av.,1880s
rf0423,rf0423,Mary,male,RogerLaHonte,1886,narrative,novel,blanche,blanche,n.av.,n.av.,n.av.,n.av.,n.av.,n.av.,publicdomain,1,n.av.,1880s
rf0373,rf0373,Gouraud,male,PetiteMaitresse,1884,narrative,novel,blanche,n.av.,n.av.,n.av.,n.av.,n.av.,n.av.,n.av.,publicdomain,n.av.,n.av.,1880s
rf1021,rf1021,Gaboriau,male,Argent1,1874,narrative,novel,policier,criminel,Kriminalroman,n.av.,heterodiegetic,n.av.,n.av.,n.av.,publicdomain,11,n.av.,1870s
rf1029,rf1029,Gaboriau,male,EsclavesParis2,1867,narrative,novel,policier,detection,n.av.,n.av.,heterodiegetic,n.av.,n.av.,n.av.,publicdomain,12,n.av.,1860s
rf0046,rf0046,Loti,male,MariageLoti,1882,narrative,novel,blanche,n.av.,n.av.,n.av.,n.av.,n.av.,n.av.,n.av.,publicdomain,n.av.,n.av.,1880s
rf0025,rf0025,ErckChat,male,AmiFritz,1864,narrative,novel,blanche,blanche,n.av.,n.av.,n.av.,n.av.,n.av.,n.av.,publicdomain,1,n.av.,1860s
rf0303,rf0303,Aimard,male,RoisOcean2VentEnPanne,1877,narrative,novel,blanche,blanche,n.av.,n.av.,n.av.,n.av.,n.av.,n.av.,publicdomain,1,n.av.,1870s
rf0454,rf0454,Sand,female,Horace,1841,narrative,novel,blanche,blanche,n.av.,n.av.,n.av.,n.av.,n.av.,n.av.,publicdomain,1,n.av.,1840s
rf0365,rf0365,Gautier,male,CapitaineFracasse,1863,narrative,novel,blanche,blanche,n.av.,n.av.,n.av.,n.av.,n.av.,n.av.,publicdomain,1,n.av.,1860s
rf0139,rf0139,Sue,male,MysteresPeuple11,1854,narrative,novel,blanche,blanche,n.av.,n.av.,n.av.,n.av.,n.av.,n.av.,publicdomain,1,n.av.,1850s
rf1024,rf1024,Gaboriau,male,CliqueDoree2,1871,narrative,novel,blanche,n.av.,Gesellschaftsroman,n.av.,heterodiegetic,n.av.,n.av.,n.av.,publicdomain,n.av.,n.av.,1870s
rf0172,rf0172,Verne,male,MathiasSandorf,1885,narrative,novel,blanche,blanche,n.av.,n.av.,n.av.,n.av.,n.av.,n.av.,publicdomain,1,n.av.,1880s
rf0102,rf0102,Zola,male,Argent,1891,narrative,novel,blanche,blanche,n.av.,n.av.,n.av.,n.av.,n.av.,n.av.,publicdomain,1,n.av.,1890s
rf0178,rf0178,Verne,male,VingtMilleLieues,1871,narrative,novel,blanche,blanche,n.av.,n.av.,n.av.,n.av.,n.av.,n.av.,publicdomain,1,n.av.,1870s
rf0479,rf0479,Stolz,female,TresorNanette,1872,narrative,novel,blanche,blanche,n.av.,n.av.,n.av.,n.av.,n.av.,n.av.,publicdomain,1,n.av.,1870s
rf0368,rf0368,Gouraud,male,AllerRetour,1880,narrative,novel,blanche,blanche,n.av.,n.av.,n.av.,n.av.,n.av.,n.av.,publicdomain,1,n.av.,1880s
rf1162,rf1162,Ponson,male,ClubValets2,1858,narrative,novel,policier,archaique,n.av.,n.av.,heterodiegetic,male,criminal,urban,publicdomain,12,n.av.,1850s
rf0638,rf0638,Huysmans,male,SœursVatard,1879,narrative,novel,blanche,social,n.av.,n.av.,heterodiegetic,female,n.av.,urban,publicdomain,12,n.av.,1870s
rf0302,rf0302,Aimard,male,TrappeursArkansas,1858,narrative,novel,blanche,blanche,n.av.,n.av.,n.av.,n.av.,n.av.,n.av.,publicdomain,1,n.av.,1850s
rf0127,rf0127,Sue,male,MysteresParis01,1842,narrative,novel,blanche,blanche,n.av.,n.av.,n.av.,n.av.,n.av.,n.av.,publicdomain,1,n.av.,1840s
rf0379,rf0379,Gouraud,male,PetitColporteur,1867,narrative,novel,blanche,blanche,n.av.,n.av.,n.av.,n.av.,n.av.,n.av.,publicdomain,1,n.av.,1860s
rf0016,rf0016,Daudet,male,Evangeliste,1882,narrative,novel,blanche,social,roman-de-moeurs,roman,heterodiegetic,n.av.,n.av.,n.av.,publicdomain,11,n.av.,1880s
rf0021,rf0021,Daudet,male,PortTarascon,1890,narrative,novel,blanche,adventure,n.av.,n.av.,heterodiegetic,male,n.av.,n.av.,publicdomain,11,n.av.,1890s
rf0081,rf0081,Verne,male,ArchipelFeu,1884,narrative,novel,blanche,blanche,n.av.,n.av.,n.av.,n.av.,n.av.,n.av.,publicdomain,1,n.av.,1880s
rf1169,rf1169,Ponson,male,ExploitsRocambole1,1859,narrative,novel,policier,archaique,n.av.,n.av.,heterodiegetic,male,criminal,urban,publicdomain,12,lu,1850s
rf0610,rf0610,FevalPP,male,FilsDiable1,1846,narrative,novel,blanche,adventure,n.av.,n.av.,heterodiegetic,n.av.,n.av.,n.av.,publicdomain,11,n.av.,1840s
rf0614,rf0614,FevalPP,male,HommeSansBras,1881,narrative,novel,policier,archaique,n.av.,n.av.,n.av.,n.av.,n.av.,n.av.,publicdomain,11,n.av.,1880s
rf1151,rf1151,Gaboriau,male,CordeCou1,1873,narrative,novel,policier,archaique,n.av.,n.av.,heterodiegetic,male,suspect,rural,publicdomain,12,n.av.,1870s
rf0131,rf0131,Sue,male,MysteresPeuple02,1849,narrative,novel,blanche,blanche,n.av.,histoire,n.av.,n.av.,n.av.,n.av.,publicdomain,1,n.av.,1840s
rf1026,rf1026,Gaboriau,male,Degringolade2,1872,narrative,novel,policier,n.av.,n.av.,n.av.,n.av.,n.av.,n.av.,n.av.,publicdomain,n.av.,n.av.,1870s
rf1160,rf1160,Ponson,male,Chevaliers,1860,narrative,novel,policier,archaique,n.av.,n.av.,heterodiegetic,male,criminal,urban,publicdomain,12,n.av.,1860s
rf1176,rf1176,Ponson,male,ResurrectionRocambole1,1866,narrative,novel,policier,archaique,n.av.,n.av.,heterodiegetic,male,criminal,urban,publicdomain,12,n.av.,1860s
rf0611,rf0611,FevalPP,male,HabitsNoirs2Coeur,1865,narrative,novel,policier,criminel,n.av.,n.av.,n.av.,n.av.,n.av.,n.av.,publicdomain,11,n.av.,1860s
rf0421,rf0421,Mary,male,FillesPocharde,1898,narrative,novel,blanche,blanche,n.av.,n.av.,n.av.,n.av.,n.av.,n.av.,publicdomain,1,n.av.,1890s
rf0133,rf0133,Sue,male,MysteresPeuple04,1850,narrative,novel,blanche,blanche,n.av.,n.av.,n.av.,n.av.,n.av.,n.av.,publicdomain,1,n.av.,1850s
rf0024,rf0024,Daudet,male,Tartarin2,1885,narrative,novel,blanche,blanche,n.av.,n.av.,n.av.,n.av.,n.av.,n.av.,publicdomain,1,n.av.,1880s
rf0471,rf0471,Sand,female,FrancoisChampi,1848,narrative,novel,blanche,blanche,n.av.,n.av.,n.av.,n.av.,n.av.,n.av.,publicdomain,1,n.av.,1840s
rf0441,rf0441,Sand,female,Simon,1836,narrative,novel,blanche,n.av.,n.av.,n.av.,n.av.,n.av.,n.av.,n.av.,publicdomain,n.av.,n.av.,1830s
rf0472,rf0472,Sand,female,PetiteFadette,1849,narrative,novel,blanche,blanche,n.av.,n.av.,n.av.,n.av.,n.av.,n.av.,publicdomain,1,n.av.,1840s
rf0057,rf0057,Zola,male,BeteHumaine,1890,narrative,novel,policier,precurseur,n.av.,n.av.,heterodiegetic,male,criminal,rural,publicdomain,12,lu,1890s
rf0129,rf0129,Sue,male,MysteresParis04,1843,narrative,novel,blanche,blanche,n.av.,n.av.,n.av.,n.av.,n.av.,n.av.,publicdomain,1,n.av.,1840s
rf0460,rf0460,Sand,female,Consuelo2,1842,narrative,novel,blanche,blanche,n.av.,n.av.,n.av.,n.av.,n.av.,n.av.,publicdomain,1,n.av.,1840s
rf0316,rf0316,AimardAuriac,male,CoeurPanthere,1879,narrative,novel,blanche,blanche,n.av.,n.av.,n.av.,n.av.,n.av.,n.av.,publicdomain,1,n.av.,1870s
rf0144,rf0144,Mirbeau,male,JardinSupplices,1899,narrative,novel,blanche,blanche,n.av.,n.av.,n.av.,n.av.,n.av.,n.av.,publicdomain,1,n.av.,1890s
rf0040,rf0040,Flaubert,male,MadameBovary,1857,narrative,novel,blanche,blanche,n.av.,n.av.,n.av.,n.av.,n.av.,n.av.,publicdomain,1,n.av.,1850s
rf0349,rf0349,Fleuriot,female,BoucheEnCoeur,1882,narrative,novel,blanche,blanche,n.av.,n.av.,n.av.,n.av.,n.av.,n.av.,publicdomain,1,n.av.,1880s
rf0648,rf0648,France,male,CrimeSylvestreBonnard,1881,narrative,novel,blanche,other,n.av.,n.av.,homodiegetic,male,n.av.,mixed,publicdomain,11,n.av.,1880s
rf0041,rf0041,Flaubert,male,Education,1869,narrative,novel,blanche,blanche,n.av.,n.av.,n.av.,n.av.,n.av.,n.av.,publicdomain,1,n.av.,1860s
rf0613,rf0613,FevalPP,male,HistoireRevenants,1881,narrative,novel,policier,archaique,n.av.,n.av.,n.av.,n.av.,n.av.,n.av.,publicdomain,11,n.av.,1880s
rf0473,rf0473,Sand,female,DerniereAldini,1837,narrative,novel,blanche,n.av.,n.av.,n.av.,n.av.,n.av.,n.av.,n.av.,publicdomain,n.av.,n.av.,1830s
rf1163,rf1163,Ponson,male,CordePendu1,1870,narrative,novel,policier,archaique,n.av.,n.av.,heterodiegetic,male,criminal,urban,publicdomain,12,n.av.,1870s
rf0612,rf0612,FevalPP,male,HabitsNoirs4Arme,1869,narrative,novel,policier,crime,n.av.,n.av.,n.av.,male,suspect,n.av.,publicdomain,11,n.av.,1860s
rf0637,rf0637,FevalPP,male,HabitsNoirs6Avaleur,1867,narrative,novel,policier,criminel,n.av.,n.av.,n.av.,n.av.,n.av.,n.av.,publicdomain,11,n.av.,1860s
rf0443,rf0443,Sand,female,Rudolstadt1,1843,narrative,novel,blanche,blanche,n.av.,n.av.,n.av.,n.av.,n.av.,n.av.,publicdomain,1,n.av.,1840s
rf1005,rf1005,Boisgobey,male,Omnibus,1881,narrative,novel,policier,detection,Detektivroman,n.av.,heterodiegetic,n.av.,detective,urban,publicdomain,12,lu,1880s
rf1165,rf1165,Ponson,male,DernierMot4,1867,narrative,novel,policier,archaique,n.av.,n.av.,heterodiegetic,male,criminal,urban,publicdomain,12,n.av.,1860s
rf0305,rf0305,Aimard,male,Ourson,1868,narrative,novel,blanche,blanche,n.av.,n.av.,n.av.,n.av.,n.av.,n.av.,publicdomain,1,n.av.,1860s
rf0304,rf0304,Aimard,male,RoisOcean2Olonnais,1877,narrative,novel,blanche,blanche,n.av.,n.av.,n.av.,n.av.,n.av.,n.av.,publicdomain,1,n.av.,1870s
rf1008,rf1008,Boisgobey,male,Voilette,1885,narrative,novel,policier,criminel,Kriminalroman,n.av.,heterodiegetic,n.av.,n.av.,n.av.,publicdomain,11,n.av.,1880s
rf0642,rf0642,Hugo,male,Miserables2Cosette,1862,narrative,novel,blanche,social,n.av.,n.av.,heterodiegetic,male,n.av.,urban,publicdomain,11,n.av.,1860s
rf1158,rf1158,Gaboriau,male,MonsieurLecoq1,1869,narrative,novel,policier,archaique,n.av.,n.av.,heterodiegetic,male,detective,urban,publicdomain,12,n.av.,1860s
rf0641,rf0641,Hugo,male,Miserables1Fantine,1862,narrative,novel,blanche,social,n.av.,n.av.,heterodiegetic,male,n.av.,urban,publicdomain,11,n.av.,1860s
rf0347,rf0347,Fleuriot,female,EnfantGate,1877,narrative,novel,blanche,blanche,n.av.,n.av.,n.av.,n.av.,n.av.,n.av.,publicdomain,1,n.av.,1870s
rf0344,rf0344,Dombre,female,Folla,1889,narrative,novel,blanche,blanche,n.av.,n.av.,n.av.,n.av.,n.av.,n.av.,publicdomain,1,n.av.,1880s
rf0718,rf0718,Rodenbach,male,BrugesLaMorte,1892,narrative,novel,blanche,blanche,n.av.,n.av.,n.av.,n.av.,n.av.,n.av.,restricted,11,n.av.,1890s
rf0618,rf0618,FevalPP,male,MaisonPilate,1859,narrative,novel,blanche,n.av.,n.av.,n.av.,n.av.,n.av.,n.av.,n.av.,publicdomain,00,n.av.,1850s
rf0104,rf0104,Zola,male,AbbeMouret,1875,narrative,novel,blanche,blanche,n.av.,n.av.,n.av.,n.av.,n.av.,n.av.,publicdomain,1,n.av.,1870s
rf0034,rf0034,ErckChat,male,HistoirePaysan3,1869,narrative,novel,blanche,blanche,n.av.,n.av.,n.av.,n.av.,n.av.,n.av.,publicdomain,1,n.av.,1860s
rf0572,rf0572,Balzac,male,CureVillage,1841,narrative,novel,blanche,blanche,n.av.,n.av.,heterodiegetic,n.av.,n.av.,n.av.,restricted,1,n.av.,1840s
rf0092,rf0092,Zola,male,Curee,1872,narrative,novel,blanche,n.av.,n.av.,n.av.,n.av.,n.av.,n.av.,n.av.,publicdomain,n.av.,n.av.,1870s
rf0050,rf0050,Loti,male,RomanEnfant,1890,narrative,novel,blanche,blanche,n.av.,n.av.,n.av.,n.av.,n.av.,n.av.,publicdomain,1,n.av.,1890s
rf0478,rf0478,Stolz,female,PochesOncle,1874,narrative,novel,blanche,blanche,n.av.,n.av.,n.av.,n.av.,n.av.,n.av.,publicdomain,1,n.av.,1870s
rf1020,rf1020,Gaboriau,male,Lerouge,1865,narrative,novel,policier,detection,Detektivroman,n.av.,heterodiegetic,male,detective,mixed,publicdomain,11,lu,1860s
rf0402,rf0402,Loti,male,PecheurIslande,1886,narrative,novel,blanche,blanche,n.av.,n.av.,n.av.,n.av.,n.av.,n.av.,publicdomain,1,n.av.,1880s
rf0568,rf0568,Balzac,male,Comediens,1845,narrative,novel,blanche,blanche,n.av.,n.av.,heterodiegetic,n.av.,n.av.,n.av.,restricted,1,n.av.,1840s
rf1150,rf1150,Gaboriau,male,AmoursEmpoisonneuse,1881,narrative,novel,policier,archaique,n.av.,n.av.,heterodiegetic,n.av.,n.av.,n.av.,publicdomain,12,n.av.,1880s
rf0409,rf0409,Malot,male,RomainKalbris,1869,narrative,novel,blanche,blanche,n.av.,n.av.,n.av.,n.av.,n.av.,n.av.,publicdomain,1,n.av.,1860s
rf0717,rf0717,Rodenbach,male,Carillonneur,1897,narrative,novel,blanche,blanche,n.av.,n.av.,n.av.,n.av.,n.av.,n.av.,restricted,11,n.av.,1890s
rf0087,rf0087,Verne,male,CapitaineQuinzeAns,1878,narrative,novel,blanche,blanche,n.av.,n.av.,n.av.,n.av.,n.av.,n.av.,publicdomain,1,n.av.,1870s
rf0054,rf0054,Maupassant,male,MontOriol,1887,narrative,novel,blanche,blanche,Gesellschaftsroman,n.av.,heterodiegetic,n.av.,n.av.,n.av.,publicdomain,1,n.av.,1880s
rf0094,rf0094,Zola,male,Debacle,1892,narrative,novel,blanche,blanche,n.av.,n.av.,n.av.,n.av.,n.av.,n.av.,publicdomain,1,n.av.,1890s
rf0019,rf0019,Daudet,male,NumaRoumestan,1881,narrative,novel,blanche,social,n.av.,moeurs,heterodiegetic,male,n.av.,rural,publicdomain,11,n.av.,1880s
rf0176,rf0176,Verne,male,TestamentExcentrique,1899,narrative,novel,blanche,adventure,n.av.,n.av.,heterodiegetic,mixed,n.av.,mixed,publicdomain,11,n.av.,1890s
rf0369,rf0369,Gouraud,male,QuandGrande,1888,narrative,novel,blanche,blanche,n.av.,n.av.,n.av.,n.av.,n.av.,n.av.,publicdomain,1,n.av.,1880s
rf0419,rf0419,Malot,male,Baccara,1886,narrative,novel,blanche,n.av.,n.av.,n.av.,n.av.,n.av.,n.av.,n.av.,publicdomain,n.av.,n.av.,1880s
rf0307,rf0307,Aimard,male,RodeursFrontieres,1861,narrative,novel,blanche,blanche,n.av.,n.av.,n.av.,n.av.,n.av.,n.av.,publicdomain,1,n.av.,1860s
rf0408,rf0408,Malot,male,Zyte,1886,narrative,novel,blanche,n.av.,n.av.,n.av.,n.av.,n.av.,n.av.,n.av.,publicdomain,n.av.,n.av.,1880s
rf0375,rf0375,Gouraud,male,PetiteGrande,1873,narrative,novel,blanche,blanche,n.av.,n.av.,n.av.,n.av.,n.av.,n.av.,publicdomain,1,n.av.,1870s
rf0413,rf0413,Malot,male,FemmeArgent,1881,narrative,novel,blanche,blanche,n.av.,n.av.,n.av.,n.av.,n.av.,n.av.,publicdomain,1,n.av.,1880s
rf0647,rf0647,France,male,Thais,1890,narrative,novel,blanche,historical,n.av.,n.av.,heterodiegetic,male,n.av.,other,publicdomain,11,n.av.,1890s
rf0141,rf0141,Sue,male,MysteresPeuple13,1856,narrative,novel,blanche,blanche,n.av.,n.av.,n.av.,n.av.,n.av.,n.av.,publicdomain,1,n.av.,1850s
rf0422,rf0422,Mary,male,Pocharde,1898,narrative,novel,blanche,blanche,n.av.,n.av.,n.av.,n.av.,n.av.,n.av.,publicdomain,1,n.av.,1890s
rf0468,rf0468,Sand,female,Mauprat,1837,narrative,novel,blanche,n.av.,n.av.,n.av.,n.av.,n.av.,n.av.,n.av.,publicdomain,n.av.,n.av.,1830s
rf0457,rf0457,Sand,female,DamesVertes,1857,narrative,novel,blanche,blanche,n.av.,n.av.,n.av.,n.av.,n.av.,n.av.,publicdomain,1,n.av.,1850s
rf0632,rf0632,FevalPP,male,HabitsNoirs3Rue,1868,narrative,novel,policier,criminel,n.av.,n.av.,n.av.,n.av.,n.av.,n.av.,publicdomain,00,n.av.,1860s
rf0143,rf0143,Sue,male,MysteresPeuple16,1857,narrative,novel,blanche,blanche,n.av.,n.av.,n.av.,n.av.,n.av.,n.av.,publicdomain,1,n.av.,1850s
rf0031,rf0031,ErckChat,male,HistoireHommePeuple,1865,narrative,novel,blanche,blanche,n.av.,n.av.,n.av.,n.av.,n.av.,n.av.,publicdomain,1,n.av.,1860s
rf0403,rf0403,Loti,male,FrereYves,1883,narrative,novel,blanche,blanche,n.av.,n.av.,n.av.,n.av.,n.av.,n.av.,publicdomain,1,n.av.,1880s
rf0620,rf0620,FevalPP,male,MysteresLondres1,1843,narrative,novel,policier,criminel,n.av.,n.av.,n.av.,n.av.,criminal,urban,publicdomain,11,n.av.,1840s
rf1199,rf1199,Boisgobey,male,MainFroide,1889,narrative,novel,policier,n.av.,n.av.,n.av.,n.av.,n.av.,n.av.,n.av.,publicdomain,n.av.,n.av.,1880s
rf0459,rf0459,Sand,female,Consuelo3,1842,narrative,novel,blanche,blanche,n.av.,n.av.,n.av.,n.av.,n.av.,n.av.,publicdomain,1,n.av.,1840s
rf0447,rf0447,Sand,female,Marianne,1875,narrative,novel,blanche,n.av.,n.av.,n.av.,n.av.,n.av.,n.av.,n.av.,publicdomain,n.av.,n.av.,1870s
rf0453,rf0453,Sand,female,Lelia,1833,narrative,novel,blanche,n.av.,n.av.,n.av.,n.av.,n.av.,n.av.,n.av.,publicdomain,n.av.,n.av.,1830s
rf1172,rf1172,Ponson,male,MiseresLondres1,1868,narrative,novel,policier,archaique,n.av.,n.av.,heterodiegetic,male,criminal,urban,publicdomain,12,n.av.,1860s
rf0140,rf0140,Sue,male,MysteresPeuple12,1855,narrative,novel,blanche,blanche,n.av.,n.av.,n.av.,n.av.,n.av.,n.av.,publicdomain,1,n.av.,1850s
rf0086,rf0086,Verne,male,CapitaineHatteras,1866,narrative,novel,blanche,blanche,n.av.,n.av.,n.av.,n.av.,n.av.,n.av.,publicdomain,1,n.av.,1860s
rf0318,rf0318,AimardAuriac,male,AigleNoirDacotahs,1878,narrative,novel,blanche,blanche,n.av.,n.av.,n.av.,n.av.,n.av.,n.av.,publicdomain,1,n.av.,1870s
rf0134,rf0134,Sue,male,MysteresPeuple06,1851,narrative,novel,blanche,blanche,n.av.,n.av.,n.av.,n.av.,n.av.,n.av.,publicdomain,1,n.av.,1850s
rf0635,rf0635,FevalPP,male,HabitsNoirs7Compagnons,1872,narrative,novel,policier,criminel,n.av.,n.av.,heterodiegetic,n.av.,n.av.,n.av.,publicdomain,11,n.av.,1870s
rf0101,rf0101,Zola,male,PotBouille,1882,narrative,novel,blanche,blanche,n.av.,n.av.,n.av.,n.av.,n.av.,n.av.,publicdomain,1,n.av.,1880s
rf0469,rf0469,Sand,female,LeoneLeoni,1834,narrative,novel,blanche,n.av.,n.av.,n.av.,n.av.,n.av.,n.av.,n.av.,publicdomain,n.av.,n.av.,1830s
rf0621,rf0621,FevalPP,male,Quittance1Heritiere,1846,narrative,novel,blanche,adventure,n.av.,n.av.,n.av.,n.av.,n.av.,n.av.,publicdomain,11,n.av.,1840s
rf0424,rf0424,Mary,male,RevancheRoger1,1889,narrative,novel,blanche,blanche,n.av.,n.av.,n.av.,n.av.,n.av.,n.av.,publicdomain,1,n.av.,1880s
rf0038,rf0038,ErckChat,male,Waterloo,1865,narrative,novel,blanche,blanche,n.av.,n.av.,n.av.,n.av.,n.av.,n.av.,publicdomain,1,n.av.,1860s
rf0420,rf0420,Malot,male,BonneAffaire,1870,narrative,novel,blanche,blanche,n.av.,n.av.,n.av.,n.av.,n.av.,n.av.,publicdomain,1,n.av.,1870s
rf0056,rf0056,Maupassant,male,UneVie,1883,narrative,novel,blanche,blanche,Bildungsroman,n.av.,heterodiegetic,n.av.,n.av.,n.av.,publicdomain,1,n.av.,1880s
rf0313,rf0313,Aimard,male,LoiLynch,1859,narrative,novel,blanche,blanche,n.av.,n.av.,n.av.,n.av.,n.av.,n.av.,publicdomain,1,n.av.,1850s
rf0643,rf0643,Hugo,male,Miserables3Marius,1862,narrative,novel,blanche,social,n.av.,n.av.,heterodiegetic,male,n.av.,urban,publicdomain,11,n.av.,1860s
rf0022,rf0022,Daudet,male,Sapho,1884,narrative,novel,blanche,blanche,n.av.,n.av.,n.av.,n.av.,n.av.,n.av.,publicdomain,1,n.av.,1880s
rf0135,rf0135,Sue,male,MysteresPeuple07,1851,narrative,novel,blanche,blanche,n.av.,n.av.,n.av.,n.av.,n.av.,n.av.,publicdomain,1,n.av.,1850s
rf0440,rf0440,Sand,female,Teverino,1845,narrative,novel,blanche,blanche,n.av.,n.av.,n.av.,n.av.,n.av.,n.av.,publicdomain,1,n.av.,1840s
rf1168,rf1168,Ponson,male,RocambolePrison,1869,narrative,novel,policier,archaique,n.av.,n.av.,heterodiegetic,male,criminal,urban,publicdomain,11,n.av.,1860s
rf0412,rf0412,Malot,male,MariageJuliette,1874,narrative,novel,blanche,blanche,n.av.,n.av.,n.av.,n.av.,n.av.,n.av.,publicdomain,1,n.av.,1870s
rf0142,rf0142,Sue,male,MysteresPeuple15,1857,narrative,novel,blanche,blanche,n.av.,n.av.,n.av.,n.av.,n.av.,n.av.,publicdomain,1,n.av.,1850s
rf0444,rf0444,Sand,female,PecheAntoine,1845,narrative,novel,blanche,blanche,n.av.,n.av.,n.av.,n.av.,n.av.,n.av.,publicdomain,1,n.av.,1840s
rf0645,rf0645,Hugo,male,Miserables5JeanValjean,1862,narrative,novel,blanche,social,n.av.,n.av.,heterodiegetic,male,n.av.,urban,publicdomain,11,n.av.,1860s
rf0109,rf0109,Gaboriau,male,Cotillons1,1861,narrative,nouvelles,blanche,n.av.,n.av.,n.av.,n.av.,n.av.,n.av.,n.av.,restricted,n.av.,n.av.,1860s
rf0042,rf0042,Flaubert,male,Sallambo,1862,narrative,novel,blanche,blanche,n.av.,n.av.,n.av.,n.av.,n.av.,n.av.,publicdomain,1,n.av.,1860s
rf0615,rf0615,FevalPP,male,LoupBlanc,1843,narrative,novel,blanche,adventure,n.av.,n.av.,n.av.,male,n.av.,rural,publicdomain,11,n.av.,1840s
rf0606,rf0606,FevalPP,male,ChevalierTenebre,1861,narrative,novel,blanche,FantastischerRoman,n.av.,n.av.,n.av.,n.av.,n.av.,n.av.,publicdomain,11,n.av.,1860s
rf0310,rf0310,Aimard,male,ChasseurRats2CommDelgres,1877,narrative,novel,blanche,n.av.,n.av.,n.av.,n.av.,n.av.,n.av.,n.av.,publicdomain,n.av.,n.av.,1870s
rf0047,rf0047,Loti,male,MonFrereYves,1883,narrative,novel,blanche,n.av.,n.av.,n.av.,n.av.,n.av.,n.av.,n.av.,publicdomain,n.av.,n.av.,1880s
rf0110,rf0110,Gaboriau,male,Cotillons2,1861,narrative,nouvelles,blanche,n.av.,n.av.,n.av.,n.av.,n.av.,n.av.,n.av.,publicdomain,n.av.,n.av.,1860s
rf1006,rf1006,Boisgobey,male,Opera1,1889,narrative,novel,policier,detection,Detektivroman,n.av.,heterodiegetic,n.av.,n.av.,n.av.,publicdomain,11,n.av.,1880s
rf0030,rf0030,ErckChat,male,HistoireConscrit,1864,narrative,novel,blanche,blanche,n.av.,n.av.,n.av.,n.av.,n.av.,n.av.,publicdomain,1,n.av.,1860s
rf0380,rf0380,Gouraud,male,MemoiresCaniche,1866,narrative,novel,blanche,blanche,n.av.,n.av.,n.av.,n.av.,n.av.,n.av.,publicdomain,1,n.av.,1860s
rf0043,rf0043,Loti,male,Aziyade,1879,narrative,novel,blanche,blanche,n.av.,n.av.,n.av.,n.av.,n.av.,n.av.,publicdomain,1,n.av.,1870s
rf1179,rf1179,Ponson,male,TestamentGrainDeSel,1862,narrative,novel,policier,archaique,n.av.,n.av.,heterodiegetic,male,criminal,urban,publicdomain,11,n.av.,1860s
rf0136,rf0136,Sue,male,MysteresPeuple08,1853,narrative,novel,blanche,blanche,n.av.,n.av.,n.av.,n.av.,n.av.,n.av.,publicdomain,1,n.av.,1850s
rf0138,rf0138,Sue,male,MysteresPeuple10,1854,narrative,novel,blanche,blanche,n.av.,n.av.,n.av.,n.av.,n.av.,n.av.,publicdomain,1,n.av.,1850s
rf0099,rf0099,Zola,male,PageAmour,1878,narrative,novel,blanche,blanche,n.av.,n.av.,n.av.,n.av.,n.av.,n.av.,publicdomain,1,n.av.,1870s
rf0481,rf0481,Stolz,female,Mesaventures,1881,narrative,novel,blanche,blanche,n.av.,n.av.,n.av.,n.av.,n.av.,n.av.,publicdomain,1,n.av.,1880s
rf1184,rf1184,Boisgobey,male,RubisOngle,1886,narrative,novel,policier,archaique,n.av.,n.av.,heterodiegetic,n.av.,n.av.,urban,publicdomain,11,n.av.,1880s
rf0458,rf0458,Sand,female,DernierAmour,1866,narrative,novel,blanche,blanche,n.av.,n.av.,n.av.,n.av.,n.av.,n.av.,publicdomain,1,n.av.,1860s
rf0445,rf0445,Sand,female,Nanon,1872,narrative,novel,blanche,blanche,n.av.,n.av.,n.av.,n.av.,n.av.,n.av.,publicdomain,1,n.av.,1870s
rf0364,rf0364,Gautier,male,RomanMomie,1858,narrative,novel,blanche,blanche,n.av.,n.av.,n.av.,n.av.,n.av.,n.av.,publicdomain,1,n.av.,1850s
rf1022,rf1022,Gaboriau,male,Argent2,1874,narrative,novel,policier,criminel,Kriminalroman,n.av.,heterodiegetic,n.av.,crminal,n.av.,publicdomain,11,n.av.,1870s
rf1167,rf1167,Ponson,male,DernierMot3,1867,narrative,novel,policier,archaique,n.av.,n.av.,heterodiegetic,male,criminal,urban,publicdomain,12,n.av.,1860s
rf0644,rf0644,Hugo,male,Miserables4Idylle,1862,narrative,novel,blanche,social,n.av.,n.av.,heterodiegetic,male,n.av.,urban,publicdomain,11,n.av.,1860s
rf1157,rf1157,Gaboriau,male,VieInfernale2,1870,narrative,novel,policier,archaique,n.av.,n.av.,heterodiegetic,male,n.av.,n.av.,publicdomain,11,n.av.,1870s
rf0130,rf0130,Sue,male,MysteresParis05,1843,narrative,novel,blanche,blanche,n.av.,n.av.,n.av.,n.av.,n.av.,n.av.,publicdomain,1,n.av.,1840s
rf0484,rf0484,Stolz,female,DessusHaie,1874,narrative,novel,blanche,blanche,n.av.,n.av.,n.av.,n.av.,n.av.,n.av.,publicdomain,1,n.av.,1870s
rf0027,rf0027,ErckChat,male,CampagneKabylie,1873,narrative,novel,blanche,n.av.,n.av.,n.av.,n.av.,n.av.,n.av.,n.av.,publicdomain,n.av.,n.av.,1870s
rf0060,rf0060,Zola,male,Oeuvre,1886,narrative,novel,blanche,blanche,Künstlerroman,n.av.,heterodiegetic,n.av.,n.av.,n.av.,publicdomain,1,n.av.,1880s
rf0414,rf0414,Malot,male,EnFamille,1893,narrative,novel,blanche,blanche,n.av.,n.av.,n.av.,n.av.,n.av.,n.av.,publicdomain,1,n.av.,1890s
rf1025,rf1025,Gaboriau,male,Degringolade1,1872,narrative,novel,policier,n.av.,n.av.,n.av.,n.av.,n.av.,n.av.,n.av.,publicdomain,n.av.,n.av.,1870s
rf0052,rf0052,Maupassant,male,BelAmi,1885,narrative,novel,blanche,blanche,Gesellschaftsroman,n.av.,heterodiegetic,n.av.,n.av.,n.av.,publicdomain,1,n.av.,1880s
rf0051,rf0051,Loti,male,RomanSpahi,1881,narrative,novel,blanche,blanche,n.av.,n.av.,n.av.,n.av.,n.av.,n.av.,publicdomain,1,n.av.,1880s
rf0720,rf0720,Darien,male,Voleur,1897,narrative,novel,blanche,blanche,n.av.,n.av.,n.av.,n.av.,n.av.,n.av.,restricted,11,n.av.,1890s
rf0035,rf0035,ErckChat,male,HistoirePaysan4,1869,narrative,novel,blanche,blanche,n.av.,n.av.,n.av.,n.av.,n.av.,n.av.,publicdomain,1,n.av.,1860s
rf1009,rf1009,Boisgobey,male,Chat2,1888,narrative,novel,policier,criminel,Detektivroman,n.av.,heterodiegetic,n.av.,n.av.,n.av.,publicdomain,12,n.av.,1880s
rf0319,rf0319,AimardAuriac,male,PiedsFourchus,1866,narrative,novel,blanche,blanche,n.av.,n.av.,n.av.,n.av.,n.av.,n.av.,publicdomain,1,n.av.,1860s
rf0371,rf0371,Gouraud,male,QuatrePiecesOr,1874,narrative,novel,blanche,blanche,n.av.,n.av.,n.av.,n.av.,n.av.,n.av.,publicdomain,1,n.av.,1870s
rf1161,rf1161,Ponson,male,ClubValets1,1858,narrative,novel,policier,archaique,n.av.,n.av.,heterodiegetic,male,criminal,urban,publicdomain,12,n.av.,1850s
rf0366,rf0366,Gautier,male,MlleMaupin,1835,narrative,novel,blanche,n.av.,n.av.,n.av.,n.av.,n.av.,n.av.,n.av.,publicdomain,n.av.,n.av.,1830s
rf0483,rf0483,Stolz,female,FamilleCoquelicot,1892,narrative,novel,blanche,blanche,n.av.,n.av.,n.av.,n.av.,n.av.,n.av.,publicdomain,1,n.av.,1890s
rf0146,rf0146,Mirbeau,male,Calvaire,1887,narrative,novel,blanche,n.av.,n.av.,n.av.,n.av.,n.av.,n.av.,n.av.,publicdomain,n.av.,n.av.,1880s
rf1178,rf1178,Ponson,male,ResurrectionRocambole3,1866,narrative,novel,policier,archaique,n.av.,n.av.,heterodiegetic,male,criminal,urban,publicdomain,11,n.av.,1860s
rf0622,rf0622,FevalPP,male,Quittance2Galerie,1846,narrative,novel,blanche,adventure,n.av.,n.av.,heterodiegetic,n.av.,n.av.,n.av.,publicdomain,11,n.av.,1840s
rf0405,rf0405,Loti,male,Matelot,1893,narrative,novel,blanche,blanche,n.av.,n.av.,n.av.,n.av.,n.av.,n.av.,publicdomain,1,n.av.,1890s
rf0417,rf0417,Malot,male,BelleMere,1874,narrative,novel,blanche,blanche,n.av.,n.av.,n.av.,n.av.,n.av.,n.av.,publicdomain,1,n.av.,1870s
rf0312,rf0312,Aimard,male,PiratesPrairies,1858,narrative,novel,blanche,blanche,n.av.,n.av.,n.av.,n.av.,n.av.,n.av.,publicdomain,1,n.av.,1850s
rf0624,rf0624,FevalPP,male,RoiGueux,1859,narrative,novel,blanche,blanche,n.av.,n.av.,n.av.,n.av.,n.av.,n.av.,publicdomain,00,n.av.,1850s
rf0482,rf0482,Stolz,female,SecretLaurent,1878,narrative,novel,blanche,blanche,n.av.,n.av.,n.av.,n.av.,n.av.,n.av.,publicdomain,1,n.av.,1870s
rf0452,rf0452,Sand,female,Jeanne,1844,narrative,novel,blanche,blanche,n.av.,n.av.,n.av.,n.av.,n.av.,n.av.,publicdomain,1,n.av.,1840s
rf0096,rf0096,Zola,male,EugeneRougon,1876,narrative,novel,blanche,blanche,n.av.,n.av.,n.av.,n.av.,n.av.,n.av.,publicdomain,1,n.av.,1870s
rf1174,rf1174,Ponson,male,MiseresLondres3,1868,narrative,novel,policier,archaique,n.av.,n.av.,heterodiegetic,male,criminal,urban,publicdomain,12,n.av.,1860s
rf0084,rf0084,Verne,male,BilletLoterie,1886,narrative,novel,blanche,n.av.,n.av.,n.av.,n.av.,n.av.,n.av.,n.av.,publicdomain,n.av.,n.av.,1880s
rf0168,rf0168,Verne,male,HectorServadac,1877,narrative,novel,blanche,n.av.,n.av.,n.av.,n.av.,n.av.,n.av.,n.av.,publicdomain,n.av.,n.av.,1870s
rf1159,rf1159,Gaboriau,male,MonsieurLecoq2,1869,narrative,novel,policier,archaique,n.av.,n.av.,heterodiegetic,male,detective,urban,publicdomain,12,n.av.,1860s
rf0634,rf0634,FevalPP,male,JeanDiable1,1862,narrative,novel,policier,crime,n.av.,n.av.,n.av.,n.av.,n.av.,n.av.,publicdomain,00,n.av.,1860s
rf0607,rf0607,FevalPP,male,ErrantsNuit,1857,narrative,novel,policier,archaique,n.av.,n.av.,n.av.,n.av.,n.av.,n.av.,publicdomain,11,n.av.,1850s
rf0174,rf0174,Verne,male,PaysFourrures,1873,narrative,novel,blanche,blanche,n.av.,n.av.,n.av.,n.av.,n.av.,n.av.,publicdomain,1,n.av.,1870s
rf0609,rf0609,FevalPP,male,FeeGreves,1850,narrative,novel,blanche,fantastic,n.av.,n.av.,n.av.,n.av.,n.av.,n.av.,publicdomain,11,n.av.,1850s
rf0404,rf0404,Loti,male,RomanEnfant,1890,narrative,novel,blanche,blanche,n.av.,n.av.,n.av.,n.av.,n.av.,n.av.,publicdomain,1,n.av.,1890s
rf0026,rf0026,ErckChat,male,BlocusRochart,1867,narrative,novel,blanche,blanche,n.av.,n.av.,n.av.,n.av.,n.av.,n.av.,publicdomain,1,n.av.,1860s
rf0169,rf0169,Verne,male,IleMysterieuse,1875,narrative,novel,blanche,blanche,n.av.,n.av.,n.av.,n.av.,n.av.,n.av.,publicdomain,1,n.av.,1870s
rf0028,rf0028,ErckChat,male,ChefChantier,1876,narrative,novel,blanche,blanche,n.av.,n.av.,n.av.,n.av.,n.av.,n.av.,publicdomain,1,n.av.,1870s
rf0449,rf0449,Sand,female,MaitresSonneurs,1853,narrative,novel,blanche,blanche,n.av.,n.av.,n.av.,n.av.,n.av.,n.av.,publicdomain,1,n.av.,1850s
rf0455,rf0455,Sand,female,Francia,1871,narrative,novel,blanche,blanche,n.av.,n.av.,n.av.,n.av.,n.av.,n.av.,publicdomain,1,n.av.,1870s
rf0627,rf0627,FevalPP,male,MysteresLondres2,1843,narrative,novel,policier,archaique,n.av.,n.av.,n.av.,n.av.,n.av.,n.av.,publicdomain,00,n.av.,1840s
rf0137,rf0137,Sue,male,MysteresPeuple09,1853,narrative,novel,blanche,blanche,n.av.,n.av.,n.av.,n.av.,n.av.,n.av.,publicdomain,1,n.av.,1850s
rf0378,rf0378,Gouraud,male,VieuxChateau,1884,narrative,novel,blanche,n.av.,n.av.,n.av.,n.av.,n.av.,n.av.,n.av.,publicdomain,n.av.,n.av.,1880s
rf0415,rf0415,Malot,male,Conscience,1888,narrative,novel,blanche,blanche,n.av.,n.av.,n.av.,n.av.,n.av.,n.av.,publicdomain,1,n.av.,1880s
rf0477,rf0477,Stolz,female,DeuxReines,1881,narrative,novel,blanche,n.av.,n.av.,n.av.,n.av.,n.av.,n.av.,n.av.,publicdomain,n.av.,n.av.,1880s
rf0566,rf0566,Balzac,male,UrsuleMirouet,1841,narrative,novel,blanche,blanche,n.av.,n.av.,heterodiegetic,n.av.,n.av.,n.av.,restricted,1,n.av.,1840s
rf0442,rf0442,Sand,female,Rudolstadt2,1843,narrative,novel,blanche,blanche,n.av.,n.av.,n.av.,n.av.,n.av.,n.av.,publicdomain,1,n.av.,1840s
rf0464,rf0464,Sand,female,Valentine,1832,narrative,novel,blanche,n.av.,n.av.,n.av.,n.av.,n.av.,n.av.,n.av.,publicdomain,n.av.,n.av.,1830s
rf0103,rf0103,Zola,male,Reve,1888,narrative,novel,blanche,blanche,n.av.,n.av.,n.av.,n.av.,n.av.,n.av.,publicdomain,1,n.av.,1880s
rf0018,rf0018,Daudet,male,Nabab,1877,narrative,novel,blanche,social,roman de moeurs,n.av.,heterodiegetic,male,n.av.,n.av.,publicdomain,11,n.av.,1870s
rf0461,rf0461,Sand,female,Consuelo1,1842,narrative,novel,blanche,blanche,n.av.,n.av.,n.av.,n.av.,n.av.,n.av.,publicdomain,1,n.av.,1840s
rf0095,rf0095,Zola,male,FortuneRougon,1870,narrative,novel,blanche,blanche,n.av.,n.av.,n.av.,n.av.,n.av.,n.av.,publicdomain,1,n.av.,1870s
rf0308,rf0308,Aimard,male,ChasseurRats,1877,narrative,novel,blanche,n.av.,n.av.,n.av.,n.av.,n.av.,n.av.,n.av.,publicdomain,n.av.,n.av.,1870s
rf0148,rf0148,Mirbeau,male,AbbeJules,1888,narrative,novel,blanche,blanche,n.av.,n.av.,n.av.,n.av.,n.av.,n.av.,publicdomain,1,n.av.,1880s
rf0370,rf0370,Gouraud,male,FillesProfesseur,1876,narrative,novel,blanche,blanche,n.av.,n.av.,n.av.,n.av.,n.av.,n.av.,publicdomain,1,n.av.,1870s
rf0657,rf0657,Ohnet,male,AmePierre,1890,narrative,novel,blanche,blanche,n.av.,n.av.,n.av.,n.av.,n.av.,urban,publicdomain,11,n.av.,1890s
rf0376,rf0376,Gouraud,male,EnfantsFerme,1869,narrative,novel,blanche,blanche,n.av.,n.av.,n.av.,n.av.,n.av.,n.av.,publicdomain,1,n.av.,1860s
rf0374,rf0374,Gouraud,male,EnfantGuide,1868,narrative,novel,blanche,blanche,n.av.,n.av.,n.av.,n.av.,n.av.,n.av.,publicdomain,1,n.av.,1860s
rf0106,rf0106,Boisgobey,male,BandeRouge1,1886,narrative,novel,blanche,blanche,n.av.,n.av.,n.av.,n.av.,n.av.,n.av.,publicdomain,1,n.av.,1880s
rf1152,rf1152,Gaboriau,male,CordeCou2,1873,narrative,novel,policier,archaique,n.av.,n.av.,heterodiegetic,male,suspect,rural,publicdomain,12,n.av.,1870s
rf0105,rf0105,Zola,male,Terre,1887,narrative,novel,blanche,n.av.,n.av.,n.av.,n.av.,n.av.,n.av.,n.av.,publicdomain,n.av.,n.av.,1880s
rf0350,rf0350,Fleuriot,female,Alberte,1881,narrative,novel,blanche,blanche,n.av.,n.av.,n.av.,n.av.,n.av.,n.av.,publicdomain,1,n.av.,1880s
rf0372,rf0372,Gouraud,male,LivreMaman,1872,narrative,novel,blanche,blanche,n.av.,n.av.,n.av.,n.av.,n.av.,n.av.,publicdomain,1,n.av.,1870s
rf0083,rf0083,Verne,male,AventureTroisRusses,1872,narrative,novel,blanche,n.av.,n.av.,n.av.,n.av.,n.av.,n.av.,n.av.,publicdomain,n.av.,n.av.,1870s
rf0605,rf0605,FevalPP,male,CavalierFortune,1868,narrative,novel,blanche,Abenteuerroman,n.av.,n.av.,n.av.,n.av.,n.av.,n.av.,publicdomain,11,n.av.,1860s
